﻿{"cameraMode":{"drawMode":0,"name":"Shaded","section":"Shading Mode"},"sceneLighting":false,"audioPlay":false,"sceneViewState":{"showFog":true,"showMaterialUpdate":false,"showSkybox":false,"showFlares":true,"showImageEffects":true,"showParticleSystems":true},"in2DMode":false,"pivot":{"x":-2.7553772926330568,"y":2.9885737895965578,"z":0.0376896858215332},"rotation":{"x":-0.21877722442150117,"y":0.04593678191304207,"z":-0.010311484336853028,"w":-0.9746392369270325},"size":7.356229782104492,"orthographic":false}