﻿{"cameraMode":{"drawMode":0,"name":"Shaded","section":"Shading Mode"},"sceneLighting":false,"audioPlay":false,"sceneViewState":{"showFog":true,"showMaterialUpdate":false,"showSkybox":false,"showFlares":true,"showImageEffects":true,"showParticleSystems":true},"in2DMode":false,"pivot":{"x":0.34529733657836916,"y":-0.12874996662139893,"z":0.008284643292427063},"rotation":{"x":-0.21877722442150117,"y":0.04593678191304207,"z":-0.010311484336853028,"w":-0.9746392369270325},"size":4.028005123138428,"orthographic":false}