﻿{"cameraMode":{"drawMode":0,"name":"Shaded","section":"Shading Mode"},"sceneLighting":false,"audioPlay":false,"sceneViewState":{"showFog":true,"showMaterialUpdate":false,"showSkybox":false,"showFlares":true,"showImageEffects":true,"showParticleSystems":true},"in2DMode":false,"pivot":{"x":4.320000171661377,"y":0.5339999198913574,"z":-0.047711923718452457},"rotation":{"x":-0.19226858019828797,"y":-0.21386024355888368,"z":0.04297567158937454,"w":-0.9567945599555969},"size":2.836318254470825,"orthographic":false}