﻿{"cameraMode":{"drawMode":0,"name":"Shaded","section":"Shading Mode"},"sceneLighting":true,"audioPlay":false,"sceneViewState":{"showFog":true,"showMaterialUpdate":false,"showSkybox":true,"showFlares":true,"showImageEffects":true,"showParticleSystems":true},"in2DMode":false,"pivot":{"x":-2.852924346923828,"y":6.236022472381592,"z":-12.535619735717774},"rotation":{"x":-0.17186301946640016,"y":-0.30555543303489687,"z":0.05617380142211914,"w":-0.9348535537719727},"size":15.418042182922364,"orthographic":false}