﻿{"cameraMode":{"drawMode":0,"name":"Shaded","section":"Shading Mode"},"sceneLighting":false,"audioPlay":false,"sceneViewState":{"showFog":true,"showMaterialUpdate":false,"showSkybox":false,"showFlares":true,"showImageEffects":true,"showParticleSystems":true},"in2DMode":false,"pivot":{"x":8.5,"y":-0.09757614135742188,"z":-0.047711923718452457},"rotation":{"x":-0.15490849316120149,"y":0.470697283744812,"z":-0.08434499800205231,"w":-0.864485502243042},"size":17.882661819458009,"orthographic":false}