﻿{"cameraMode":{"drawMode":0,"name":"Shaded","section":"Shading Mode"},"sceneLighting":false,"audioPlay":false,"sceneViewState":{"showFog":true,"showMaterialUpdate":false,"showSkybox":false,"showFlares":true,"showImageEffects":true,"showParticleSystems":true},"in2DMode":false,"pivot":{"x":1.9800000190734864,"y":0.5340003967285156,"z":-0.047711849212646487},"rotation":{"x":-0.21532346308231355,"y":-0.13948936760425569,"z":0.03109194152057171,"w":-0.9660322666168213},"size":16.347726821899415,"orthographic":false}